Title,ServiceType,ReviewerEmail,LegalReviewerEmail
Pipeline Construction,Pipeline Construction,reviewer@sowsmithusa.com,reviewer@sowsmithusa.com
Facility Maintenance,Facility Maintenance,reviewer@sowsmithusa.com,reviewer@sowsmithusa.com
Electrical & Instrumentation,Electrical & Instrumentation,reviewer@sowsmithusa.com,reviewer@sowsmithusa.com
Civil & Earthwork,Civil & Earthwork,reviewer@sowsmithusa.com,reviewer@sowsmithusa.com
Coating & Insulation,Coating & Insulation,reviewer@sowsmithusa.com,reviewer@sowsmithusa.com
Hydrotesting & Commissioning,Hydrotesting & Commissioning,reviewer@sowsmithusa.com,reviewer@sowsmithusa.com
Fabrication,Fabrication,reviewer@sowsmithusa.com,reviewer@sowsmithusa.com
Cathodic Protection,Cathodic Protection,reviewer@sowsmithusa.com,reviewer@sowsmithusa.com
Pipeline Integrity,Pipeline Integrity,reviewer@sowsmithusa.com,reviewer@sowsmithusa.com
Demolition & Abandonment,Demolition & Abandonment,reviewer@sowsmithusa.com,reviewer@sowsmithusa.com
Station & Terminal,Station & Terminal,reviewer@sowsmithusa.com,reviewer@sowsmithusa.com
Welding Services,Welding Services,reviewer@sowsmithusa.com,reviewer@sowsmithusa.com
